<NotepadPlus>
    <UserLang name="Purebasic [1.5]" ext="pb pbi" udlVersion="2.1">
        <Settings>
            <Global caseIgnored="yes" allowFoldOfComments="no" foldCompact="no" forcePureLC="0" decimalSeparator="0" />
            <Prefix Keywords1="yes" Keywords2="no" Keywords3="yes" Keywords4="yes" Keywords5="no" Keywords6="no" Keywords7="no" Keywords8="no" />
        </Settings>
        <KeywordLists>
            <Keywords name="Comments">00&quot; 01 02&quot; 03; 04((EOL))</Keywords>
            <Keywords name="Numbers, prefix1">$</Keywords>
            <Keywords name="Numbers, prefix2"></Keywords>
            <Keywords name="Numbers, extras1"></Keywords>
            <Keywords name="Numbers, extras2"></Keywords>
            <Keywords name="Numbers, suffix1"></Keywords>
            <Keywords name="Numbers, suffix2"></Keywords>
            <Keywords name="Numbers, range"></Keywords>
            <Keywords name="Operators1">: ,</Keywords>
            <Keywords name="Operators2">=&#x000D;&#x000A;~&#x000D;&#x000A;*&#x000D;&#x000A;/&#x000D;&#x000A;+&#x000D;&#x000A;-&#x000D;&#x000A;&amp;&#x000D;&#x000A;!&#x000D;&#x000A;|&#x000D;&#x000A;&gt;&#x000D;&#x000A;&lt;&#x000D;&#x000A;&lt;&lt;&#x000D;&#x000A;&gt;&gt;</Keywords>
            <Keywords name="Folders in code1, open"></Keywords>
            <Keywords name="Folders in code1, middle"></Keywords>
            <Keywords name="Folders in code1, close"></Keywords>
            <Keywords name="Folders in code2, open"></Keywords>
            <Keywords name="Folders in code2, middle"></Keywords>
            <Keywords name="Folders in code2, close"></Keywords>
            <Keywords name="Folders in comment, open"></Keywords>
            <Keywords name="Folders in comment, middle"></Keywords>
            <Keywords name="Folders in comment, close"></Keywords>
            <Keywords name="Keywords1">@&#x000D;&#x000A;*</Keywords>
            <Keywords name="Keywords2">For&#x000D;&#x000A;To&#x000D;&#x000A;ForEach&#x000D;&#x000A;Next&#x000D;&#x000A;Repeat&#x000D;&#x000A;Until&#x000D;&#x000A;Forever&#x000D;&#x000A;While&#x000D;&#x000A;Wend&#x000D;&#x000A;Break&#x000D;&#x000A;Continue&#x000D;&#x000A;Goto&#x000D;&#x000A;Gosub&#x000D;&#x000A;Return&#x000D;&#x000A;FakeReturn&#x000D;&#x000A;Swap&#x000D;&#x000A;End&#x000D;&#x000A;Define&#x000D;&#x000A;Define$&#x000D;&#x000A;Protected&#x000D;&#x000A;Protected$&#x000D;&#x000A;Static&#x000D;&#x000A;Static$&#x000D;&#x000A;Global&#x000D;&#x000A;Global$&#x000D;&#x000A;Shared&#x000D;&#x000A;Threaded&#x000D;&#x000A;Runtime&#x000D;&#x000A;Prototype&#x000D;&#x000A;Prototype$&#x000D;&#x000A;Declare&#x000D;&#x000A;DeclareDLL&#x000D;&#x000A;DeclareCDLL&#x000D;&#x000A;Declare$&#x000D;&#x000A;DeclareDLL$&#x000D;&#x000A;DeclareCDLL$&#x000D;&#x000A;Structure&#x000D;&#x000A;EndStructure&#x000D;&#x000A;StructureUnion&#x000D;&#x000A;EndStructureUnion&#x000D;&#x000A;Align&#x000D;&#x000A;NewList&#x000D;&#x000A;NewMap&#x000D;&#x000A;List&#x000D;&#x000A;Map&#x000D;&#x000A;Array&#x000D;&#x000A;Dim&#x000D;&#x000A;ReDim&#x000D;&#x000A;Procedure&#x000D;&#x000A;ProcedureDLL&#x000D;&#x000A;ProcedureCDLL&#x000D;&#x000A;Procedure$&#x000D;&#x000A;ProcedureDLL$&#x000D;&#x000A;ProcedureCDLL$&#x000D;&#x000A;ProcedureReturn&#x000D;&#x000A;EndProcedure&#x000D;&#x000A;Macro&#x000D;&#x000A;EndMacro&#x000D;&#x000A;UndefineMacro&#x000D;&#x000A;MacroExpandedCount&#x000D;&#x000A;If&#x000D;&#x000A;ElseIf&#x000D;&#x000A;Else&#x000D;&#x000A;EndIf&#x000D;&#x000A;Select&#x000D;&#x000A;Case&#x000D;&#x000A;Default&#x000D;&#x000A;EndSelect&#x000D;&#x000A;CompilerIf&#x000D;&#x000A;CompilerElse&#x000D;&#x000A;CompilerEndIf&#x000D;&#x000A;With&#x000D;&#x000A;EndWith&#x000D;&#x000A;EnableExplicit&#x000D;&#x000A;DisableExplicit&#x000D;&#x000A;CompilerError&#x000D;&#x000A;CompilerWarning&#x000D;&#x000A;EnableASM&#x000D;&#x000A;DisableASM&#x000D;&#x000A;Debug&#x000D;&#x000A;CallDebugger&#x000D;&#x000A;DebugLevel&#x000D;&#x000A;DisableDebugger&#x000D;&#x000A;EnableDebugger&#x000D;&#x000A;Enumeration&#x000D;&#x000A;EnumerationBinary&#x000D;&#x000A;EndEnumeration&#x000D;&#x000A;DataSection&#x000D;&#x000A;EndDataSection&#x000D;&#x000A;DeclareModule&#x000D;&#x000A;Module&#x000D;&#x000A;EndModule&#x000D;&#x000A;UseModule&#x000D;&#x000A;UnuseModule&#x000D;&#x000A;EndDeclareModule&#x000D;&#x000A;Interface&#x000D;&#x000A;Extends&#x000D;&#x000A;EndInterface&#x000D;&#x000A;IncludeFile&#x000D;&#x000A;IncludeBinary&#x000D;&#x000A;Not&#x000D;&#x000A;And&#x000D;&#x000A;Or&#x000D;&#x000A;Xor&#x000D;&#x000A;Import&#x000D;&#x000A;ImportC&#x000D;&#x000A;EndImport</Keywords>
            <Keywords name="Keywords3">Define.&#x000D;&#x000A;Protected.&#x000D;&#x000A;Static.&#x000D;&#x000A;Global.&#x000D;&#x000A;Prototype.&#x000D;&#x000A;Procedure.&#x000D;&#x000A;ProcedureDLL.&#x000D;&#x000A;ProcedureCDLL.&#x000D;&#x000A;Declare.&#x000D;&#x000A;DeclareDLL.&#x000D;&#x000A;DeclareCDLL.&#x000D;&#x000A;</Keywords>
            <Keywords name="Keywords4">#</Keywords>
            <Keywords name="Keywords5"></Keywords>
            <Keywords name="Keywords6"></Keywords>
            <Keywords name="Keywords7"></Keywords>
            <Keywords name="Keywords8"></Keywords>
            <Keywords name="Delimiters">00&apos; 01 02&apos; 03 04 05 06! 07 08((EOL)) 09 10 11 12( 13 14) 15 16 17 18 19 20 21 22 23</Keywords>
        </KeywordLists>
        <Styles>
            <WordsStyle name="DEFAULT" fgColor="0061C1" bgColor="FFFFFF" fontName="" fontStyle="0" nesting="0" />
            <WordsStyle name="COMMENTS" fgColor="008000" bgColor="FFFFFF" fontName="" fontStyle="0" nesting="0" />
            <WordsStyle name="LINE COMMENTS" fgColor="FF0000" bgColor="FFFFFF" fontName="" fontStyle="0" nesting="0" />
            <WordsStyle name="NUMBERS" fgColor="804000" bgColor="FFFFFF" fontName="" fontStyle="0" nesting="0" />
            <WordsStyle name="KEYWORDS1" fgColor="FF0080" bgColor="FFFFFF" fontName="" fontStyle="0" nesting="0" />
            <WordsStyle name="KEYWORDS2" fgColor="000080" bgColor="FFFFFF" fontName="" fontStyle="1" nesting="0" />
            <WordsStyle name="KEYWORDS3" fgColor="000080" bgColor="FFFFFF" fontName="" fontStyle="1" nesting="0" />
            <WordsStyle name="KEYWORDS4" fgColor="800000" bgColor="FFFFFF" fontName="" fontStyle="0" nesting="0" />
            <WordsStyle name="KEYWORDS5" fgColor="000080" bgColor="FFFFFF" fontName="" fontStyle="1" nesting="0" />
            <WordsStyle name="KEYWORDS6" fgColor="008080" bgColor="FFFFFF" fontName="" fontStyle="0" nesting="0" />
            <WordsStyle name="KEYWORDS7" fgColor="000000" bgColor="FFFFFF" fontName="" fontStyle="0" nesting="0" />
            <WordsStyle name="KEYWORDS8" fgColor="000000" bgColor="FFFFFF" fontName="" fontStyle="0" nesting="0" />
            <WordsStyle name="OPERATORS" fgColor="808080" bgColor="FFFFFF" fontName="" fontStyle="0" nesting="0" />
            <WordsStyle name="FOLDER IN CODE1" fgColor="000000" bgColor="FFFFFF" fontName="@GungsuhChe" fontStyle="0" nesting="0" />
            <WordsStyle name="FOLDER IN CODE2" fgColor="000000" bgColor="FFFFFF" colorStyle="0" fontName="" fontStyle="0" nesting="0" />
            <WordsStyle name="FOLDER IN COMMENT" fgColor="000000" bgColor="FFFFFF" fontName="" fontStyle="0" nesting="0" />
            <WordsStyle name="DELIMITERS1" fgColor="804040" bgColor="FFFFFF" fontName="" fontStyle="0" nesting="0" />
            <WordsStyle name="DELIMITERS2" fgColor="000000" bgColor="FFFFFF" fontName="" fontStyle="0" nesting="0" />
            <WordsStyle name="DELIMITERS3" fgColor="004080" bgColor="FFFFFF" fontName="" fontStyle="0" nesting="0" />
            <WordsStyle name="DELIMITERS4" fgColor="000000" bgColor="FFFFFF" fontName="" fontStyle="0" nesting="0" />
            <WordsStyle name="DELIMITERS5" fgColor="0061C1" bgColor="FFFFFF" fontName="" fontStyle="0" nesting="117456401" />
            <WordsStyle name="DELIMITERS6" fgColor="000000" bgColor="FFFFFF" fontName="" fontStyle="0" nesting="0" />
            <WordsStyle name="DELIMITERS7" fgColor="000000" bgColor="FFFFFF" fontName="" fontStyle="0" nesting="0" />
            <WordsStyle name="DELIMITERS8" fgColor="000000" bgColor="FFFFFF" fontName="" fontStyle="0" nesting="0" />
        </Styles>
    </UserLang>
</NotepadPlus>
